"","date","retweet","favorite","score","type","settle"
"49","01/03/11",0,0,1,"Negative",620.5
"50","01/05/11",0,0,1,"Negative",619.25
"51","01/06/11",0,0,1,"Negative",602
"52","01/07/11",0,0,1,"Negative",595
"53","01/11/11",0,0,1,"Negative",607
"54","01/12/11",0,0,2,"Neutral",631
"55","01/13/11",0,0,2,"Neutral",642.5
"56","01/14/11",1,1,2,"Neutral",648.75
"57","01/19/11",0,0,2,"Neutral",641.25
"58","01/20/11",0,0,1,"Negative",654
"59","01/21/11",0,1,2,"Neutral",657.25
"60","01/24/11",0,0,1,"Negative",655.25
"61","01/25/11",0,0,2,"Neutral",644
"62","01/26/11",0,0,2,"Neutral",657.75
"63","01/27/11",0,0,1,"Negative",650.75
"64","01/28/11",0,0,2,"Neutral",644
"65","01/31/11",0,0,2,"Neutral",659.5
"66","02/01/11",0,0,1,"Negative",666
"67","02/02/11",0,0,1,"Negative",679.75
"68","02/03/11",0,0,2,"Neutral",673.25
"69","02/04/11",0,0,2,"Neutral",689.25
"70","02/07/11",1,0,3,"Positive",685.75
"71","02/08/11",0,1,2,"Neutral",684.75
"72","02/09/11",0,0,1,"Negative",708.75
"73","02/10/11",0,0,1,"Negative",709.5
"74","02/14/11",0,0,2,"Neutral",706.5
"75","02/15/11",0,0,2,"Neutral",701
"76","02/16/11",1,0,2,"Neutral",701
"77","02/17/11",1,0,2,"Neutral",723
"78","02/18/11",0,0,2,"Neutral",720.25
"79","02/22/11",0,0,1,"Negative",690.25
"80","02/23/11",0,0,2,"Neutral",702.25
"81","02/24/11",0,0,2,"Neutral",696.5
"82","02/25/11",1,0,2,"Neutral",722
"83","02/28/11",0,1,1,"Negative",731
"84","03/01/11",0,0,1,"Negative",735.5
"85","03/02/11",0,0,1,"Negative",721.5
"86","03/03/11",0,0,2,"Neutral",736.75
"87","03/04/11",1,0,2,"Neutral",728
"88","03/07/11",0,0,2,"Neutral",717.5
"89","03/08/11",0,1,2,"Neutral",705.5
"90","03/09/11",0,0,1,"Negative",701
"91","03/10/11",0,0,2,"Neutral",682.75
"92","03/11/11",0,0,1,"Negative",664.25
"93","03/14/11",0,0,1,"Negative",666
"94","03/17/11",1,0,2,"Neutral",646.5
"95","03/18/11",0,0,2,"Neutral",683.5
"96","03/21/11",0,0,2,"Neutral",686.5
"97","03/22/11",0,0,2,"Neutral",686.75
"98","03/23/11",0,0,1,"Negative",681
"99","03/24/11",0,0,1,"Negative",702.5
"100","03/25/11",0,0,1,"Negative",689.5
"101","03/28/11",0,0,2,"Neutral",671
"102","03/29/11",1,1,1,"Negative",671.75
"103","03/30/11",1,0,2,"Neutral",663.25
"104","03/31/11",0,0,1,"Negative",693.25
"105","04/01/11",0,0,1,"Negative",736
"106","04/04/11",0,0,3,"Positive",767.5
"107","04/05/11",1,0,2,"Neutral",773.75
"108","04/06/11",0,0,2,"Neutral",770.5
"109","04/07/11",0,0,2,"Neutral",766.25
"110","04/08/11",0,0,2,"Neutral",774
"111","04/11/11",1,0,3,"Positive",781.25
"112","04/12/11",0,0,2,"Neutral",757.5
"113","04/13/11",0,0,2,"Neutral",761
"114","04/14/11",0,0,1,"Negative",761
"115","04/15/11",0,0,2,"Neutral",749.5
"116","04/18/11",0,0,3,"Positive",759.5
"117","04/19/11",0,0,1,"Negative",757
"118","04/20/11",0,0,2,"Neutral",740.5
"119","04/21/11",0,0,2,"Neutral",744.5
"120","04/25/11",0,0,2,"Neutral",768.5
"121","04/26/11",0,1,2,"Neutral",772.75
"122","04/27/11",0,0,1,"Negative",759.25
"123","04/28/11",0,0,2,"Neutral",729.25
"124","04/29/11",0,0,2,"Neutral",756.5
"125","05/02/11",1,0,1,"Negative",734.5
"126","05/03/11",0,0,1,"Negative",723.75
"127","05/04/11",0,0,2,"Neutral",729.5
"128","05/05/11",0,0,1,"Negative",708.75
"129","05/06/11",0,0,2,"Neutral",686.25
"130","05/09/11",0,0,2,"Neutral",707.5
"131","05/10/11",0,0,2,"Neutral",707.25
"132","05/11/11",0,0,1,"Negative",677.25
"133","05/12/11",1,0,2,"Neutral",680.5
"134","05/13/11",0,0,2,"Neutral",682
"135","05/16/11",0,0,1,"Negative",697.5
"136","05/17/11",0,0,2,"Neutral",720.25
"137","05/18/11",0,0,1,"Negative",749.75
"138","05/19/11",0,0,1,"Negative",748.25
"139","05/20/11",0,0,2,"Neutral",759.5
"140","05/23/11",0,0,2,"Neutral",754
"141","05/24/11",0,0,2,"Neutral",733.25
"142","05/25/11",0,0,1,"Negative",742.25
"143","05/26/11",0,0,1,"Negative",745.5
"144","05/27/11",0,0,2,"Neutral",758.5
"145","05/31/11",0,0,2,"Neutral",747.5
"146","06/01/11",0,0,2,"Neutral",758.5
"147","06/02/11",0,0,2,"Neutral",741.5
"148","06/03/11",0,0,2,"Positive",731
"149","06/06/11",1,0,2,"Neutral",711.5
"150","06/07/11",0,0,1,"Negative",717
"151","06/08/11",0,0,1,"Negative",736
"152","06/09/11",0,0,2,"Neutral",754
"153","06/10/11",0,0,2,"Neutral",756
"154","06/13/11",0,0,1,"Negative",751.75
"155","06/14/11",0,0,2,"Neutral",729
"156","06/15/11",0,0,2,"Neutral",704.75
"157","06/16/11",0,0,1,"Negative",684.5
"158","06/17/11",0,0,2,"Neutral",687
"159","06/20/11",0,0,2,"Neutral",687.5
"160","06/21/11",0,0,2,"Positive",702.25
"161","06/22/11",0,0,1,"Negative",672.25
"162","06/23/11",0,0,2,"Neutral",668
"163","06/24/11",0,0,2,"Neutral",657
"164","06/27/11",1,1,1,"Negative",644.25
"165","06/28/11",0,0,2,"Neutral",670
"166","06/29/11",0,0,2,"Neutral",678
"167","06/30/11",0,0,2,"Neutral",648
"168","07/01/11",0,0,2,"Neutral",606.75
"169","07/05/11",0,0,2,"Neutral",625.5
"170","07/06/11",0,0,2,"Neutral",618.75
"171","07/07/11",0,0,1,"Negative",625
"172","07/08/11",0,0,1,"Negative",642.25
"173","07/11/11",0,0,1,"Negative",643
"174","07/12/11",0,0,1,"Negative",664
"175","07/13/11",0,0,1,"Negative",686.75
"176","07/14/11",0,0,1,"Negative",690.75
"177","07/15/11",0,0,1,"Negative",701.25
"178","07/18/11",0,0,2,"Neutral",696.25
"179","07/19/11",0,0,2,"Neutral",698
"180","07/20/11",0,0,2,"Neutral",688
"181","07/21/11",0,0,2,"Positive",679.25
"182","07/22/11",0,0,2,"Neutral",690
"183","07/25/11",0,0,2,"Positive",678.75
"184","07/26/11",0,0,2,"Neutral",689.75
"185","07/27/11",0,0,3,"Positive",691.5
"186","07/28/11",0,0,2,"Neutral",682.25
"187","07/29/11",1,0,2,"Neutral",665.5
"188","08/01/11",1,0,2,"Neutral",681.25
"189","08/02/11",1,0,2,"Neutral",715.75
"190","08/03/11",0,0,2,"Neutral",713
"191","08/04/11",0,0,2,"Neutral",701.5
"192","08/05/11",0,0,2,"Neutral",703
"193","08/08/11",0,0,2,"Neutral",686
"194","08/09/11",0,0,2,"Neutral",688.5
"195","08/10/11",0,0,2,"Neutral",688.5
"196","08/11/11",0,0,2,"Neutral",714
"197","08/12/11",0,0,1,"Negative",714.5
"198","08/15/11",1,0,2,"Neutral",720
"199","08/16/11",0,0,2,"Neutral",727.5
"200","08/17/11",0,0,2,"Neutral",725.5
"201","08/18/11",0,0,2,"Neutral",713
"202","08/19/11",0,0,2,"Neutral",725.25
"203","08/22/11",0,0,2,"Neutral",734.5
"204","08/23/11",0,0,2,"Neutral",743.5
"205","08/24/11",0,0,2,"Neutral",743
"206","08/25/11",0,0,2,"Neutral",743.5
"207","08/26/11",0,0,1,"Negative",767
"208","08/29/11",0,0,2,"Neutral",770
"209","08/30/11",0,0,2,"Neutral",775.25
"210","08/31/11",0,0,2,"Neutral",767.5
"211","09/01/11",0,0,1,"Negative",738.5
"212","09/02/11",1,0,2,"Neutral",760
"213","09/06/11",0,0,2,"Neutral",755.75
"214","09/07/11",1,0,1,"Negative",748
"215","09/08/11",0,0,1,"Negative",734
"216","09/09/11",0,1,2,"Neutral",736.5
"217","09/12/11",0,0,2,"Neutral",745.5
"218","09/13/11",0,0,2,"Neutral",723
"219","09/14/11",1,0,2,"Neutral",724.25
"220","09/15/11",0,0,2,"Neutral",701
"221","09/16/11",0,0,2,"Neutral",692
"222","09/19/11",0,0,2,"Neutral",692.25
"223","09/20/11",0,0,2,"Neutral",690.25
"224","09/21/11",0,0,2,"Neutral",685.75
"225","09/22/11",0,0,1,"Negative",650
"226","09/23/11",1,0,2,"Neutral",638.5
"227","09/26/11",0,0,2,"Neutral",648
"228","09/27/11",1,0,2,"Neutral",652.25
"229","09/28/11",0,0,2,"Neutral",630.75
"230","09/29/11",0,0,1,"Negative",632.5
"231","09/30/11",0,0,2,"Neutral",592.5
"232","10/03/11",0,0,2,"Positive",592.5
"233","10/04/11",0,0,2,"Neutral",587.75
"234","10/05/11",1,0,2,"Neutral",605.5
"235","10/06/11",0,0,2,"Neutral",605.5
"236","10/07/11",0,0,1,"Negative",600
"237","10/10/11",0,0,1,"Negative",605
"238","10/11/11",1,0,2,"Neutral",645
"239","10/12/11",0,0,2,"Neutral",640.75
"240","10/13/11",0,0,1,"Negative",638.25
"241","10/14/11",0,0,2,"Neutral",640
"242","10/17/11",1,0,2,"Neutral",640.5
"243","10/18/11",0,1,2,"Neutral",644
"244","10/19/11",0,0,1,"Negative",638.5
"245","10/20/11",0,0,1,"Negative",649.5
"246","10/21/11",0,0,2,"Neutral",649.25
"247","10/24/11",0,0,2,"Neutral",651
"248","10/25/11",1,0,2,"Neutral",650.75
"249","10/26/11",0,0,2,"Neutral",637.25
"250","10/27/11",1,0,2,"Neutral",651.5
"251","10/28/11",0,0,3,"Positive",655
"252","10/31/11",0,0,2,"Neutral",647
"253","11/01/11",1,0,2,"Neutral",654.25
"254","11/02/11",0,0,2,"Neutral",656
"255","11/03/11",0,0,2,"Neutral",663.75
"256","11/04/11",0,0,2,"Neutral",666.25
"257","11/07/11",1,0,2,"Neutral",665.25
"258","11/08/11",1,0,2,"Neutral",671
"259","11/09/11",0,0,3,"Positive",665
"260","11/10/11",0,0,2,"Neutral",654.75
"261","11/11/11",0,0,2,"Neutral",647.75
"262","11/14/11",0,0,2,"Neutral",643.25
"263","11/15/11",0,0,2,"Neutral",654.75
"264","11/16/11",0,0,3,"Positive",652
"265","11/17/11",0,0,3,"Positive",623.25
"266","11/18/11",1,0,2,"Neutral",618
"267","11/21/11",0,0,2,"Neutral",605
"268","11/22/11",1,0,1,"Negative",605.75
"269","11/23/11",1,0,3,"Positive",595.5
"270","11/29/11",0,0,1,"Negative",605.5
"271","11/30/11",0,0,2,"Neutral",608
"272","12/02/11",2,2,1,"Negative",595.25
"273","12/05/11",1,0,2,"Neutral",591
"274","12/06/11",0,0,2,"Neutral",596.5
"275","12/07/11",0,0,2,"Neutral",592.75
"276","12/08/11",0,0,2,"Neutral",600.25
"277","12/09/11",0,0,2,"Neutral",594.25
"278","12/12/11",1,0,2,"Neutral",594
"279","12/13/11",0,0,2,"Neutral",594.5
"280","12/14/11",0,0,2,"Neutral",580.75
"281","12/15/11",0,0,2,"Neutral",579
"282","12/16/11",0,0,3,"Positive",583
"283","12/19/11",0,0,2,"Neutral",601
"284","12/20/11",1,1,2,"Neutral",607
"285","12/21/11",0,0,2,"Neutral",616.5
"286","12/22/11",1,1,2,"Neutral",617.5
"287","12/27/11",0,0,2,"Neutral",633.25
"288","12/28/11",0,0,1,"Negative",642.5
"289","12/29/11",0,0,1,"Negative",638
"290","12/30/11",1,0,2,"Neutral",646.5
"291","01/03/12",1,0,1,"Negative",658.5
"292","01/04/12",1,0,2,"Neutral",658.5
"293","01/05/12",0,0,2,"Neutral",643.5
"294","01/06/12",0,0,1,"Negative",643.5
"295","01/09/12",0,0,2,"Neutral",652
"296","01/10/12",1,0,2,"Neutral",652
"297","01/12/12",0,0,2,"Neutral",611.5
"298","01/13/12",1,0,1,"Negative",599.5
"299","01/17/12",0,0,2,"Neutral",604
"300","01/18/12",1,0,1,"Negative",593.5
"301","01/19/12",0,0,1,"Negative",606
"302","01/20/12",0,0,1,"Negative",611.5
"303","01/23/12",0,0,3,"Positive",620
"304","01/24/12",2,0,2,"Neutral",630.25
"305","01/25/12",0,0,2,"Neutral",634.5
"306","01/26/12",0,0,1,"Negative",634.5
"307","01/27/12",0,0,2,"Neutral",641.75
"308","01/30/12",0,0,1,"Negative",631.75
"309","01/31/12",1,0,2,"Neutral",639
"310","02/01/12",0,0,2,"Neutral",642
"311","02/02/12",0,0,1,"Negative",649.5
"312","02/03/12",1,1,2,"Neutral",650.75
"313","02/06/12",1,0,2,"Neutral",651.25
"314","02/07/12",0,0,1,"Negative",648.5
"315","02/08/12",0,0,3,"Positive",648
"316","02/09/12",0,0,2,"Neutral",641.5
"317","02/10/12",0,0,2,"Neutral",635.5
"318","02/13/12",0,0,1,"Negative",643
"319","02/14/12",1,0,1,"Negative",638
"320","02/15/12",0,0,2,"Neutral",631
"321","02/16/12",0,0,1,"Negative",639.75
"322","02/17/12",0,0,2,"Neutral",645.25
"323","02/21/12",0,0,3,"Positive",633.5
"324","02/22/12",1,1,2,"Neutral",641.25
"325","02/23/12",0,0,2,"Positive",642.5
"326","02/24/12",0,0,2,"Neutral",644
"327","02/27/12",0,0,2,"Neutral",648.5
"328","02/28/12",0,0,1,"Negative",657.25
"329","02/29/12",0,0,1,"Negative",658
"330","03/01/12",0,0,1,"Negative",654
"331","03/02/12",0,0,2,"Neutral",655
"332","03/05/12",0,0,1,"Negative",660.75
"333","03/06/12",0,0,2,"Positive",654
"334","03/07/12",0,0,1,"Negative",638.75
"335","03/08/12",0,0,1,"Negative",635.5
"336","03/09/12",0,0,1,"Negative",645
"337","03/12/12",1,0,2,"Positive",659.5
"338","03/14/12",0,0,2,"Neutral",658.75
"339","03/15/12",0,0,1,"Negative",669
"340","03/19/12",0,0,1,"Negative",663.5
"341","03/20/12",0,0,2,"Neutral",647.5
"342","03/21/12",0,0,2,"Neutral",642
"343","03/22/12",0,0,1,"Negative",644.5
"344","03/23/12",0,0,1,"Negative",646.5
"345","03/26/12",0,0,2,"Neutral",637.75
"346","03/27/12",0,0,2,"Neutral",630.75
"347","03/28/12",0,0,2,"Neutral",620.25
"348","03/29/12",0,0,1,"Negative",604
"349","03/30/12",0,0,2,"Neutral",644
"350","04/02/12",1,0,1,"Negative",655
"351","04/03/12",0,0,2,"Neutral",653
"352","04/04/12",0,0,2,"Neutral",650.75
"353","04/05/12",0,0,2,"Neutral",652.25
"354","04/09/12",0,0,2,"Neutral",641.25
"355","04/10/12",0,0,1,"Negative",625.75
"356","04/11/12",0,0,1,"Negative",627
"357","04/12/12",1,0,2,"Neutral",629
"358","04/13/12",0,0,1,"Negative",620.75
"359","04/16/12",0,0,1,"Negative",613.25
"360","04/17/12",0,0,2,"Neutral",607.25
"361","04/18/12",0,0,1,"Negative",594
"362","04/19/12",0,0,2,"Neutral",612
"363","04/20/12",0,0,2,"Neutral",603
"364","04/23/12",0,0,2,"Neutral",612.5
"365","04/24/12",0,0,1,"Negative",608
"366","04/25/12",1,0,1,"Negative",601
"367","04/26/12",0,0,1,"Negative",607.5
"368","04/27/12",2,0,2,"Neutral",625.5
"369","04/30/12",0,1,1,"Negative",634.25
"370","05/01/12",0,0,2,"Neutral",629
"371","05/02/12",0,0,1,"Negative",611.5
"372","05/03/12",1,0,2,"Neutral",614.5
"373","05/04/12",0,0,2,"Neutral",620.25
"374","05/07/12",1,0,2,"Neutral",620
"375","05/08/12",0,0,2,"Neutral",623
"376","05/09/12",2,1,1,"Negative",607.25
"377","05/10/12",1,0,1,"Negative",587.5
"378","05/11/12",0,0,1,"Negative",581
"379","05/14/12",0,0,1,"Negative",583
"380","05/16/12",0,0,2,"Neutral",620
"381","05/17/12",0,0,3,"Positive",625
"382","05/18/12",0,0,2,"Neutral",635.5
"383","05/21/12",0,0,1,"Negative",633
"384","05/22/12",0,0,2,"Neutral",597
"385","05/23/12",1,0,2,"Neutral",603.5
"386","05/24/12",2,0,2,"Neutral",578.5
"387","05/25/12",0,0,1,"Negative",578.5
"388","05/29/12",0,0,1,"Negative",562.5
"389","05/30/12",0,0,1,"Negative",559.5
"390","05/31/12",0,0,2,"Neutral",555.25
"391","06/01/12",0,0,1,"Negative",551.5
"392","06/04/12",1,1,1,"Negative",527.5
"393","06/05/12",2,0,2,"Neutral",516
"394","06/06/12",0,0,2,"Neutral",527.5
"395","06/07/12",1,1,2,"Neutral",543
"396","06/08/12",0,0,2,"Neutral",551
"397","06/11/12",0,0,1,"Negative",540.5
"398","06/12/12",0,0,1,"Negative",526.5
"399","06/13/12",0,0,1,"Negative",515
"400","06/14/12",0,0,1,"Negative",520.75
"401","06/15/12",0,0,1,"Negative",509.5
"402","06/18/12",2,0,2,"Neutral",537
"403","06/19/12",1,0,1,"Negative",567.5
"404","06/20/12",1,1,1,"Negative",568.75
"405","06/21/12",0,0,3,"Positive",550.25
"406","06/22/12",0,0,3,"Positive",551.25
"407","06/25/12",0,0,2,"Neutral",591.25
"408","06/26/12",0,0,1,"Negative",619.5
"409","06/27/12",0,0,2,"Neutral",627.5
"410","06/28/12",1,0,2,"Neutral",626.25
"411","06/29/12",1,0,2,"Neutral",628.5
"412","07/02/12",1,0,1,"Negative",652.25
"413","07/03/12",0,0,2,"Neutral",674
"414","07/05/12",0,0,2,"Neutral",708.75
"415","07/06/12",0,0,1,"Negative",695.25
"416","07/09/12",0,0,1,"Negative",732
"417","07/10/12",0,0,2,"Neutral",718.5
"418","07/11/12",0,0,1,"Negative",704
"419","07/12/12",0,0,1,"Negative",731.25
"420","07/13/12",0,0,1,"Negative",740.5
"421","07/16/12",0,0,2,"Neutral",776.75
"422","07/17/12",1,0,1,"Negative",779.5
"423","07/18/12",1,0,2,"Neutral",795
"424","07/19/12",0,0,1,"Negative",807.75
"425","07/20/12",0,0,1,"Negative",824.5
"426","07/23/12",0,0,1,"Negative",814
"427","07/24/12",0,0,2,"Neutral",790
"428","07/25/12",0,0,2,"Neutral",794.5
"429","07/26/12",0,0,2,"Neutral",781.25
"430","07/27/12",0,0,2,"Neutral",798.5
"431","07/30/12",1,0,2,"Neutral",820
"432","07/31/12",0,0,1,"Negative",806.5
"433","08/01/12",0,0,2,"Neutral",800.5
"434","08/02/12",1,0,2,"Neutral",795.75
"435","08/03/12",1,0,1,"Negative",807.5
"436","08/06/12",1,0,1,"Negative",805
"437","08/07/12",0,0,2,"Neutral",800.5
"438","08/08/12",0,0,2,"Neutral",816.5
"439","08/09/12",0,0,2,"Neutral",823.75
"440","08/10/12",0,0,1,"Negative",809.25
"441","08/13/12",0,0,1,"Negative",792.25
"442","08/14/12",0,0,2,"Neutral",789
"443","08/15/12",0,0,1,"Negative",804
"444","08/16/12",0,0,1,"Negative",807.5
"445","08/17/12",0,0,1,"Negative",807.25
"446","08/20/12",0,0,2,"Neutral",823.75
"447","08/21/12",0,0,2,"Neutral",838.75
"448","08/22/12",0,0,1,"Negative",834.75
"449","08/23/12",0,0,2,"Neutral",814.75
"450","08/24/12",0,0,1,"Negative",808.5
"451","08/27/12",0,0,2,"Neutral",800.75
"452","08/28/12",0,0,2,"Neutral",795.5
"453","08/29/12",0,0,1,"Negative",813.5
"454","08/30/12",0,0,1,"Negative",808.5
"455","08/31/12",0,0,1,"Negative",799.75
"456","09/04/12",1,0,2,"Neutral",805
"457","09/05/12",0,0,1,"Negative",790.75
"458","09/06/12",0,0,2,"Neutral",798.5
"459","09/07/12",0,0,2,"Neutral",799.5
"460","09/10/12",0,0,1,"Negative",783.25
"461","09/11/12",0,0,1,"Negative",777.75
"462","09/12/12",0,0,2,"Neutral",769.5
"463","09/13/12",0,0,1,"Negative",773.75
"464","09/14/12",0,0,2,"Neutral",782
"465","09/17/12",0,0,2,"Neutral",748
"466","09/18/12",0,0,2,"Neutral",740
"467","09/19/12",0,0,2,"Neutral",756.5
"468","09/20/12",0,0,1,"Negative",746
"469","09/21/12",0,0,2,"Positive",748.25
"470","09/24/12",0,0,1,"Negative",744.75
"471","09/25/12",0,0,1,"Negative",743.75
"472","09/26/12",0,0,1,"Negative",724.75
"473","09/27/12",0,0,1,"Negative",716.25
"474","09/28/12",0,0,1,"Negative",756.25
"475","10/01/12",0,0,1,"Negative",756.75
"476","10/02/12",0,0,2,"Neutral",758.25
"477","10/03/12",0,0,2,"Neutral",756.75
"478","10/04/12",0,0,2,"Neutral",757
"479","10/05/12",0,1,1,"Negative",748
"480","10/08/12",0,0,1,"Negative",742
"481","10/09/12",0,0,2,"Neutral",742
"482","10/10/12",1,0,1,"Negative",736.75
"483","10/11/12",1,0,2,"Neutral",773.25
"484","10/12/12",0,0,1,"Negative",752.75
"485","10/15/12",1,0,2,"Neutral",737.25
"486","10/16/12",0,0,2,"Neutral",738.25
"487","10/17/12",0,0,2,"Neutral",745.5
"488","10/18/12",1,0,2,"Neutral",760.75
"489","10/19/12",0,0,2,"Neutral",761.5
"490","10/22/12",0,0,1,"Negative",761.25
"491","10/23/12",0,0,2,"Neutral",756
"492","10/24/12",0,0,1,"Negative",754.5
"493","10/25/12",1,0,2,"Neutral",742
"494","10/26/12",1,0,1,"Negative",737.75
"495","10/29/12",0,0,1,"Negative",737
"496","10/30/12",0,0,2,"Neutral",741.75
"497","10/31/12",0,0,2,"Neutral",755.75
"498","11/01/12",0,0,1,"Negative",751
"499","11/02/12",0,0,2,"Neutral",742.5
"500","11/05/12",0,0,1,"Negative",738
"501","11/06/12",0,0,2,"Neutral",743
"502","11/07/12",0,0,2,"Neutral",746
"503","11/08/12",1,0,2,"Neutral",743.25
"504","11/09/12",0,0,1,"Negative",742
"505","11/12/12",0,0,2,"Neutral",722.25
"506","11/13/12",0,0,2,"Neutral",726.25
"507","11/14/12",0,0,1,"Negative",729.25
"508","11/15/12",0,0,3,"Positive",725
"509","11/16/12",0,0,1,"Negative",731
"510","11/19/12",0,0,1,"Negative",742.5
"511","11/20/12",0,0,2,"Neutral",747.25
"512","11/21/12",0,0,2,"Neutral",745.25
"513","11/23/12",0,0,2,"Neutral",749.75
"514","11/26/12",0,0,2,"Neutral",751.25
"515","11/27/12",0,0,2,"Neutral",764
"516","11/28/12",0,0,2,"Neutral",764
"517","11/29/12",0,0,2,"Neutral",758.75
"518","11/30/12",0,0,2,"Positive",752.75
"519","12/03/12",0,0,2,"Neutral",754.75
"520","12/04/12",0,0,2,"Neutral",752
"521","12/05/12",0,0,1,"Negative",757.75
"522","12/06/12",0,0,1,"Negative",751.5
"523","12/07/12",0,0,2,"Neutral",737.25
"524","12/10/12",0,1,2,"Neutral",730
"525","12/11/12",0,0,1,"Negative",728
"526","12/12/12",0,0,2,"Neutral",725.5
"527","12/13/12",0,0,1,"Negative",720.25
"528","12/14/12",1,0,1,"Negative",730.75
"529","12/17/12",0,0,2,"Neutral",724
"530","12/18/12",0,0,2,"Neutral",720
"531","12/19/12",0,0,1,"Negative",703
"532","12/20/12",0,0,2,"Neutral",696.5
"533","12/21/12",0,0,2,"Neutral",702
"534","12/24/12",0,0,2,"Neutral",704.25
"535","12/26/12",0,0,2,"Neutral",693.25
"536","12/27/12",0,0,1,"Negative",691.5
"537","12/28/12",0,0,2,"Positive",694
"538","12/31/12",0,0,1,"Negative",698.25
"539","01/02/13",0,1,2,"Neutral",690.75
"540","01/03/13",0,0,1,"Negative",689.25
"541","01/04/13",0,0,2,"Neutral",680.25
"542","01/07/13",1,0,2,"Neutral",685.5
"543","01/08/13",0,0,2,"Neutral",688.75
"544","01/09/13",1,1,2,"Positive",694.25
"545","01/10/13",0,0,2,"Neutral",698.75
"546","01/11/13",0,0,2,"Neutral",708.75
"547","01/14/13",0,0,2,"Neutral",724
"548","01/15/13",0,0,2,"Neutral",730.5
"549","01/16/13",0,0,2,"Neutral",731.25
"550","01/17/13",0,0,2,"Neutral",724.5
"551","01/18/13",1,0,2,"Neutral",727.5
"552","01/22/13",1,0,1,"Negative",728.5
"553","01/23/13",0,0,1,"Negative",720.75
"554","01/24/13",1,1,2,"Neutral",724.25
"555","01/25/13",0,0,2,"Neutral",720.75
"556","01/28/13",0,0,2,"Neutral",729.25
"557","01/29/13",1,0,1,"Negative",729.5
"558","01/30/13",0,1,2,"Positive",740.25
"559","01/31/13",0,0,1,"Negative",740.5
"560","02/01/13",0,0,1,"Negative",736
"561","02/04/13",0,0,2,"Neutral",736.25
"562","02/05/13",0,0,2,"Neutral",730.75
"563","02/06/13",1,0,2,"Neutral",724
"564","02/07/13",0,0,2,"Neutral",712
"565","02/08/13",1,0,2,"Neutral",708.75
"566","02/11/13",0,0,2,"Neutral",701.5
"567","02/12/13",1,1,2,"Neutral",695.5
"568","02/13/13",0,0,2,"Neutral",693.5
"569","02/14/13",0,0,1,"Negative",692.75
"570","02/15/13",0,0,1,"Negative",697
"571","02/19/13",1,0,1,"Negative",692
"572","02/20/13",1,0,2,"Neutral",696.25
"573","02/21/13",0,0,2,"Neutral",685.5
"574","02/22/13",0,0,2,"Neutral",684.25
"575","02/25/13",1,0,2,"Neutral",685.5
"576","02/26/13",0,0,3,"Positive",694.75
"577","02/27/13",0,0,2,"Neutral",695.25
"578","02/28/13",0,0,2,"Neutral",703.5
"579","03/01/13",0,0,2,"Neutral",708.5
"580","03/04/13",2,0,1,"Negative",703.25
"581","03/05/13",0,0,2,"Neutral",709
"582","03/06/13",0,0,1,"Negative",688.5
"583","03/07/13",0,0,1,"Negative",691.25
"584","03/08/13",0,1,1,"Negative",703.5
"585","03/11/13",1,0,1,"Negative",711.25
"586","03/12/13",0,0,2,"Neutral",714.25
"587","03/13/13",0,0,1,"Negative",710.25
"588","03/14/13",0,0,1,"Negative",716.5
"589","03/15/13",0,0,1,"Negative",717
"590","03/18/13",0,1,2,"Neutral",720
"591","03/19/13",0,0,2,"Neutral",728.5
"592","03/20/13",0,0,1,"Negative",732.5
"593","03/21/13",0,0,2,"Positive",733
"594","03/22/13",1,0,1,"Negative",726.25
"595","03/25/13",1,1,2,"Neutral",733.25
"596","03/26/13",0,0,1,"Negative",730.25
"597","03/27/13",0,0,1,"Negative",735.25
"598","03/28/13",0,0,2,"Neutral",695.25
"599","04/01/13",1,0,1,"Negative",642.25
"600","04/02/13",0,0,2,"Neutral",627.25
"601","04/03/13",0,0,2,"Neutral",630.25
"602","04/04/13",1,0,1,"Negative",618.5
"603","04/05/13",1,0,2,"Neutral",617.75
"604","04/08/13",0,0,2,"Neutral",619.5
"605","04/09/13",2,0,1,"Negative",627.5
"606","04/10/13",1,0,1,"Negative",632.5
"607","04/11/13",1,0,1,"Negative",633.5
"608","04/12/13",2,0,1,"Negative",641.25
"609","04/15/13",0,0,2,"Neutral",628
"610","04/16/13",1,1,1,"Negative",640.75
"611","04/17/13",0,1,1,"Negative",641.25
"612","04/18/13",1,1,2,"Neutral",629.75
"613","04/19/13",0,0,1,"Negative",633
"614","04/22/13",0,0,2,"Neutral",623.5
"615","04/23/13",0,0,1,"Negative",614
"616","04/24/13",1,0,1,"Negative",618.25
"617","04/25/13",0,0,1,"Negative",624.5
"618","04/26/13",0,0,2,"Neutral",619.75
"619","04/29/13",0,0,2,"Neutral",659.75
"620","04/30/13",0,0,1,"Negative",650
"621","05/01/13",1,1,2,"Neutral",646.75
"622","05/02/13",0,1,2,"Neutral",662
"623","05/03/13",0,0,2,"Neutral",661.25
"624","05/06/13",0,0,2,"Neutral",636.5
"625","05/07/13",0,0,1,"Negative",640
"626","05/08/13",0,1,2,"Neutral",633
"627","05/09/13",0,0,1,"Negative",648.75
"628","05/10/13",0,0,2,"Neutral",636.25
"629","05/13/13",0,0,2,"Neutral",655.5
"630","05/14/13",0,0,1,"Negative",652.5
"631","05/15/13",0,0,2,"Neutral",650.75
"632","05/16/13",0,0,2,"Neutral",641.5
"633","05/17/13",0,0,2,"Neutral",652.75
"634","05/20/13",1,0,2,"Neutral",649.5
"635","05/21/13",1,0,2,"Neutral",640
"636","05/22/13",0,0,2,"Neutral",658.5
"637","05/23/13",0,0,1,"Negative",662
"638","05/24/13",0,0,2,"Neutral",657.25
"639","05/28/13",0,0,1,"Negative",666.5
"640","05/29/13",0,0,1,"Negative",665
"641","05/30/13",1,0,2,"Neutral",654.25
"642","05/31/13",0,0,2,"Neutral",662
"643","06/03/13",0,0,1,"Negative",655.75
"644","06/04/13",0,0,2,"Neutral",583.75
"645","06/05/13",1,1,2,"Neutral",571
"646","06/06/13",0,0,2,"Neutral",578
"647","06/07/13",1,1,2,"Neutral",591.5
"648","06/10/13",0,0,2,"Neutral",577.25
"649","06/11/13",0,0,1,"Negative",583.5
"650","06/12/13",0,0,1,"Negative",575
"651","06/13/13",0,0,1,"Negative",570.5
"652","06/14/13",1,1,1,"Negative",571.75
"653","06/17/13",0,0,1,"Negative",578.75
"654","06/18/13",2,0,2,"Neutral",589
"655","06/19/13",0,0,2,"Neutral",610
"656","06/20/13",1,1,2,"Neutral",598.25
"657","06/21/13",1,0,1,"Negative",592
"658","06/24/13",0,0,2,"Neutral",579
"659","06/25/13",0,0,1,"Negative",576.5
"660","06/26/13",0,1,1,"Negative",574
"661","06/27/13",0,0,2,"Neutral",572.25
"662","06/28/13",1,0,2,"Neutral",547.25
"663","07/01/13",1,0,1,"Negative",531.5
"664","07/02/13",0,1,1,"Negative",533
"665","07/03/13",1,0,2,"Neutral",532.25
"666","07/05/13",0,0,2,"Neutral",525.75
"667","07/08/13",1,1,1,"Negative",533.25
"668","07/09/13",1,0,2,"Neutral",551.75
"669","07/10/13",1,0,2,"Neutral",553.75
"670","07/11/13",0,0,2,"Neutral",560.75
"671","07/12/13",2,1,1,"Negative",545.5
"672","07/15/13",1,1,2,"Neutral",536.25
"673","07/16/13",0,0,1,"Negative",545.25
"674","07/17/13",0,1,2,"Neutral",538.5
"675","07/18/13",1,0,2,"Neutral",541
"676","07/19/13",2,0,2,"Neutral",544
"677","07/22/13",1,0,2,"Neutral",540.75
"678","07/23/13",1,1,2,"Neutral",522.5
"679","07/24/13",1,0,2,"Neutral",508.25
"680","07/25/13",0,0,1,"Negative",496
"681","07/26/13",0,0,2,"Neutral",492
"682","07/29/13",1,0,2,"Neutral",489.25
"683","07/30/13",0,0,2,"Neutral",495.5
"684","07/31/13",0,0,1,"Negative",499
"685","08/01/13",0,0,1,"Negative",487.5
"686","08/02/13",0,0,2,"Neutral",463.75
"687","08/05/13",1,0,3,"Positive",460.5
"688","08/06/13",0,0,1,"Negative",459.25
"689","08/07/13",0,0,2,"Neutral",458.25
"690","08/08/13",0,0,2,"Neutral",459.75
"691","08/09/13",0,0,1,"Negative",453.25
"692","08/12/13",0,0,1,"Negative",464
"693","08/13/13",0,0,2,"Neutral",447.25
"694","08/14/13",0,0,1,"Negative",455.25
"695","08/15/13",0,0,2,"Positive",472.25
"696","08/16/13",0,0,2,"Neutral",463.5
"697","08/19/13",0,0,2,"Neutral",485.5
"698","08/20/13",0,0,2,"Neutral",475.5
"699","08/21/13",0,0,3,"Positive",483.25
"700","08/22/13",1,0,1,"Negative",464.5
"701","08/23/13",1,0,1,"Negative",470
"702","08/26/13",1,0,2,"Neutral",500.5
"703","08/27/13",0,0,2,"Neutral",486.25
"704","08/28/13",0,0,2,"Neutral",480.75
"705","08/29/13",0,0,1,"Negative",481.5
"706","08/30/13",0,1,3,"Positive",482
"707","09/03/13",1,0,1,"Negative",475.25
"708","09/04/13",0,2,2,"Neutral",469.5
"709","09/05/13",0,0,2,"Neutral",461
"710","09/09/13",2,1,1,"Negative",463.5
"711","09/10/13",2,1,2,"Neutral",469
"712","09/11/13",0,0,2,"Neutral",472.5
"713","09/12/13",0,0,1,"Negative",466.25
"714","09/16/13",0,1,2,"Positive",456.5
"715","09/17/13",0,0,2,"Neutral",454
"716","09/18/13",4,0,2,"Neutral",456.25
"717","09/20/13",0,0,1,"Negative",451
"718","09/23/13",0,0,1,"Negative",453.25
"719","09/24/13",0,0,2,"Neutral",448.75
"720","09/25/13",2,2,2,"Neutral",454.75
"721","09/26/13",0,1,1,"Negative",456.75
"722","09/27/13",0,0,2,"Neutral",454
"723","09/30/13",1,0,1,"Negative",441.5
"724","10/01/13",0,1,2,"Neutral",439
"725","10/02/13",0,0,2,"Neutral",439
"726","10/03/13",2,1,2,"Neutral",439.25
"727","10/04/13",1,0,2,"Neutral",443.25
"728","10/07/13",0,0,1,"Negative",449.25
"729","10/08/13",6,1,1,"Negative",441.75
"730","10/09/13",1,0,1,"Negative",443.5
"731","10/10/13",0,0,2,"Neutral",438.25
"732","10/11/13",2,1,1,"Negative",433.25
"733","10/14/13",0,0,1,"Negative",437
"734","10/15/13",0,0,1,"Negative",443.5
"735","10/17/13",0,0,1,"Negative",443
"736","10/18/13",0,0,1,"Negative",441.5
"737","10/21/13",0,0,1,"Negative",444
"738","10/22/13",0,0,3,"Positive",438.25
"739","10/23/13",0,0,1,"Negative",442.75
"740","10/25/13",0,0,2,"Neutral",440
"741","10/28/13",1,1,1,"Negative",430.75
"742","10/29/13",0,0,1,"Negative",432
"743","10/30/13",0,0,1,"Negative",430.25
"744","10/31/13",0,0,1,"Negative",428.25
"745","11/01/13",1,0,2,"Neutral",427.25
"746","11/04/13",0,0,2,"Neutral",437
"747","11/05/13",0,1,2,"Neutral",435.5
"748","11/06/13",1,1,2,"Neutral",431.5
"749","11/07/13",0,0,2,"Neutral",431.5
"750","11/08/13",0,0,2,"Neutral",438.5
"751","11/11/13",0,0,2,"Neutral",446.5
"752","11/12/13",0,0,1,"Negative",444
"753","11/13/13",0,0,2,"Neutral",440.25
"754","11/14/13",0,0,1,"Negative",436.5
"755","11/15/13",0,0,1,"Negative",430.5
"756","11/18/13",0,0,2,"Neutral",421
"757","11/19/13",0,0,2,"Neutral",426.25
"758","11/20/13",0,0,2,"Neutral",425.25
"759","11/21/13",0,0,2,"Neutral",429.5
"760","11/22/13",0,0,2,"Neutral",429.25
"761","11/26/13",0,2,1,"Negative",424.75
"762","11/27/13",0,0,1,"Negative",426.5
"763","12/02/13",0,0,1,"Negative",424.5
"764","12/03/13",1,1,2,"Neutral",431.25
"765","12/04/13",0,0,2,"Neutral",436.5
"766","12/05/13",0,0,2,"Neutral",433.5
"767","12/06/13",1,0,1,"Negative",434.25
"768","12/09/13",0,0,2,"Neutral",438
"769","12/10/13",0,1,2,"Neutral",436
"770","12/11/13",0,0,2,"Neutral",439.25
"771","12/12/13",0,0,2,"Neutral",434.25
"772","12/13/13",0,1,2,"Neutral",425.5
"773","12/16/13",0,0,2,"Neutral",423.25
"774","12/17/13",0,0,2,"Neutral",426.75
"775","12/18/13",0,0,2,"Neutral",425
"776","12/19/13",0,2,2,"Neutral",430.5
"777","12/20/13",1,2,2,"Neutral",433.25
"778","12/23/13",0,0,3,"Positive",434.25
"779","12/26/13",1,2,2,"Neutral",426.25
"780","12/27/13",0,0,1,"Negative",427.5
"781","12/30/13",0,0,1,"Negative",423.5
"782","12/31/13",0,0,2,"Neutral",422
"783","01/02/14",0,0,1,"Negative",420.5
"784","01/03/14",1,1,2,"Neutral",423.5
"785","01/06/14",0,0,3,"Positive",427.75
"786","01/07/14",0,1,2,"Neutral",426
"787","01/08/14",0,0,2,"Neutral",417
"788","01/09/14",0,0,2,"Neutral",412
"789","01/10/14",0,0,2,"Neutral",432.75
"790","01/13/14",0,0,2,"Neutral",434.5
"791","01/14/14",0,0,2,"Neutral",431.5
"792","01/15/14",0,0,2,"Neutral",425.75
"793","01/16/14",0,0,2,"Neutral",428
"794","01/17/14",0,3,1,"Negative",424
"795","01/21/14",1,1,1,"Negative",425
"796","01/22/14",0,0,2,"Neutral",426.25
"797","01/23/14",1,0,2,"Neutral",429
"798","01/24/14",1,0,1,"Negative",429.5
"799","01/27/14",0,0,2,"Neutral",431.75
"800","01/28/14",1,1,2,"Neutral",432
"801","01/29/14",0,0,1,"Negative",427.5
"802","01/30/14",0,0,1,"Negative",433.5
"803","01/31/14",0,1,2,"Neutral",434
"804","02/03/14",0,1,2,"Neutral",435.75
"805","02/04/14",0,0,2,"Neutral",447.75
"806","02/05/14",0,1,2,"Neutral",447.5
"807","02/06/14",0,1,2,"Neutral",448.5
"808","02/07/14",0,0,2,"Neutral",450
"809","02/10/14",1,1,2,"Neutral",448.75
"810","02/11/14",0,0,2,"Neutral",447.25
"811","02/12/14",0,1,1,"Negative",446
"812","02/13/14",1,0,1,"Negative",446.5
"813","02/14/14",0,1,2,"Positive",450.75
"814","02/18/14",0,1,2,"Neutral",455.5
"815","02/19/14",0,0,2,"Neutral",460.25
"816","02/20/14",0,0,2,"Neutral",462.25
"817","02/21/14",0,0,2,"Neutral",459
"818","02/24/14",0,0,2,"Neutral",457.75
"819","02/25/14",0,0,2,"Positive",461.25
"820","02/26/14",0,0,2,"Positive",461
"821","02/27/14",0,0,1,"Negative",454.5
"822","02/28/14",0,0,2,"Neutral",463.5
"823","03/03/14",0,0,2,"Neutral",470.5
"824","03/04/14",0,0,2,"Neutral",484.25
"825","03/05/14",0,0,2,"Neutral",482
"826","03/06/14",0,0,2,"Neutral",491
"827","03/07/14",0,0,2,"Neutral",489
"828","03/10/14",0,0,2,"Neutral",478.25
"829","03/11/14",0,0,2,"Positive",483.25
"830","03/12/14",0,0,2,"Neutral",488.5
"831","03/13/14",0,0,2,"Neutral",485
"832","03/14/14",0,0,2,"Neutral",486
"833","03/17/14",0,0,1,"Negative",479
"834","03/18/14",0,0,2,"Neutral",486.25
"835","03/19/14",0,0,2,"Neutral",487.75
"836","03/20/14",0,0,2,"Neutral",478.5
"837","03/21/14",0,0,2,"Neutral",479
"838","03/24/14",0,0,2,"Neutral",490
"839","03/25/14",0,0,2,"Neutral",486.5
"840","03/26/14",0,0,2,"Neutral",484.5
"841","03/27/14",0,0,2,"Neutral",492
"842","03/28/14",0,0,2,"Neutral",492
"843","03/31/14",1,0,2,"Neutral",502
"844","04/01/14",0,0,2,"Neutral",507.5
"845","04/02/14",0,0,2,"Neutral",501
"846","04/03/14",0,1,2,"Neutral",505.25
"847","04/04/14",0,0,2,"Neutral",507.5
"848","04/07/14",0,0,2,"Neutral",505.25
"849","04/08/14",0,1,2,"Neutral",513
"850","04/09/14",0,0,2,"Neutral",508
"851","04/10/14",0,0,2,"Neutral",507.25
"852","04/11/14",3,2,2,"Neutral",504.5
"853","04/14/14",0,0,2,"Neutral",509.25
"854","04/15/14",0,1,2,"Neutral",509.75
"855","04/16/14",0,0,2,"Neutral",503.5
"856","04/17/14",0,0,1,"Negative",500.5
"857","04/21/14",0,0,2,"Neutral",493.75
"858","04/22/14",1,0,1,"Negative",502
"859","04/23/14",0,0,1,"Negative",509.5
"860","04/24/14",0,0,1,"Negative",507.25
"861","04/25/14",0,0,2,"Neutral",512.75
"862","04/28/14",0,0,1,"Negative",513.75
"863","04/29/14",0,0,2,"Neutral",521.5
"864","04/30/14",0,0,1,"Negative",519
"865","05/01/14",0,0,1,"Negative",507
"866","05/02/14",0,1,2,"Neutral",499.5
"867","05/05/14",1,0,2,"Neutral",508
"868","05/06/14",0,1,2,"Neutral",517.5
"869","05/07/14",0,1,2,"Neutral",514
"870","05/08/14",0,1,1,"Negative",516.5
"871","05/09/14",0,2,2,"Neutral",507.5
"872","05/12/14",0,0,1,"Negative",499.5
"873","05/13/14",0,0,2,"Neutral",502.75
"874","05/14/14",0,0,1,"Negative",495.5
"875","05/15/14",0,0,2,"Neutral",484.25
"876","05/16/14",0,0,1,"Negative",483.5
"877","05/19/14",0,0,1,"Negative",477.25
"878","05/20/14",0,0,2,"Neutral",473.5
"879","05/21/14",0,0,2,"Neutral",474.5
"880","05/22/14",0,0,1,"Negative",476.75
"881","05/23/14",0,0,1,"Negative",478
"882","05/27/14",0,0,2,"Neutral",469.75
"883","05/28/14",0,0,1,"Negative",472.5
"884","05/29/14",0,0,1,"Negative",469.5
"885","05/30/14",0,0,1,"Negative",465.75
"886","06/02/14",0,0,1,"Negative",465.5
"887","06/03/14",0,0,1,"Negative",454
"888","06/04/14",0,1,2,"Neutral",452.25
"889","06/05/14",0,1,1,"Negative",444.25
"890","06/06/14",0,0,1,"Negative",456.25
"891","06/09/14",0,0,1,"Negative",447.5
"892","06/10/14",0,0,1,"Negative",441.25
"893","06/11/14",0,0,2,"Neutral",437.5
"894","06/12/14",0,0,1,"Negative",440
"895","06/13/14",0,0,1,"Negative",443
"896","06/16/14",0,1,1,"Negative",436.75
"897","06/17/14",0,0,2,"Neutral",434
"898","06/18/14",0,0,1,"Negative",435.5
"899","06/19/14",1,0,2,"Neutral",444.25
"900","06/20/14",0,0,2,"Neutral",448.25
"901","06/23/14",0,0,1,"Negative",439
"902","06/24/14",0,0,1,"Negative",436.75
"903","06/25/14",0,0,2,"Neutral",435.75
"904","06/26/14",0,0,2,"Neutral",439
"905","06/27/14",0,0,2,"Neutral",442.25
"906","06/30/14",0,0,1,"Negative",418.75
"907","07/01/14",0,0,2,"Neutral",416
"908","07/02/14",0,0,2,"Neutral",412.25
"909","07/03/14",0,0,1,"Negative",409.5
"910","07/07/14",0,1,1,"Negative",400.5
"911","07/08/14",0,0,1,"Negative",398.25
"912","07/09/14",0,1,1,"Negative",391.25
"913","07/10/14",0,0,2,"Neutral",386.25
"914","07/11/14",0,0,1,"Negative",378.25
"915","07/14/14",0,0,2,"Neutral",381.5
"916","07/15/14",0,0,2,"Neutral",374
"917","07/16/14",1,1,2,"Neutral",378.25
"918","07/17/14",0,0,1,"Negative",379.5
"919","07/18/14",0,0,1,"Negative",371.25
"920","07/21/14",0,0,2,"Neutral",364
"921","07/22/14",0,1,1,"Negative",360.25
"922","07/23/14",0,0,1,"Negative",362.5
"923","07/24/14",1,1,2,"Neutral",361.5
"924","07/25/14",0,1,1,"Negative",363
"925","07/28/14",0,0,2,"Neutral",367.75
"926","07/29/14",0,0,2,"Neutral",361.5
"927","07/30/14",0,1,2,"Neutral",361.75
"928","07/31/14",0,0,1,"Negative",357
"929","08/01/14",0,0,2,"Neutral",352.5
"930","08/04/14",0,0,1,"Negative",369.25
"931","08/05/14",0,0,1,"Negative",367.25
"932","08/06/14",0,0,2,"Neutral",374.25
"933","08/07/14",1,1,1,"Negative",371.25
"934","08/08/14",1,1,1,"Negative",363.5
"935","08/11/14",1,1,1,"Negative",368.25
"936","08/12/14",0,0,2,"Neutral",369
"937","08/13/14",1,0,1,"Negative",369.75
"938","08/14/14",0,0,2,"Neutral",373.5
"939","08/15/14",0,0,2,"Neutral",377
"940","08/18/14",0,0,2,"Neutral",371.5
"941","08/19/14",0,0,2,"Neutral",372.25
"942","08/20/14",0,0,2,"Neutral",367.5
"943","08/21/14",0,0,2,"Neutral",369
"944","08/22/14",0,0,2,"Neutral",371.5
"945","08/25/14",0,0,1,"Negative",367.5
"946","08/26/14",0,0,2,"Neutral",365
"947","08/27/14",0,0,1,"Negative",365
"948","08/28/14",0,0,1,"Negative",369.25
"949","08/29/14",0,0,1,"Negative",364.75
"950","09/02/14",0,0,2,"Neutral",363.75
"951","09/03/14",0,0,2,"Neutral",352
"952","09/04/14",0,0,2,"Neutral",346.5
"953","09/05/14",0,0,1,"Negative",356
"954","09/08/14",0,0,1,"Negative",348.25
"955","09/09/14",0,0,2,"Neutral",344.25
"956","09/10/14",0,0,2,"Neutral",345.75
"957","09/11/14",0,0,2,"Neutral",341
"958","09/12/14",0,0,1,"Negative",338.5
"959","09/15/14",0,0,1,"Negative",343
"960","09/16/14",0,0,1,"Negative",343.75
"961","09/17/14",0,0,2,"Neutral",341.75
"962","09/18/14",0,0,1,"Negative",338.25
"963","09/19/14",0,0,2,"Neutral",331.5
"964","09/22/14",0,0,2,"Neutral",330.25
"965","09/23/14",0,0,1,"Negative",325.5
"966","09/24/14",0,0,1,"Negative",329.5
"967","09/25/14",0,0,1,"Negative",326
"968","09/26/14",0,0,2,"Neutral",323
"969","09/29/14",0,0,2,"Neutral",325.75
"970","09/30/14",1,0,1,"Negative",320.75
"971","10/01/14",0,0,1,"Negative",321.25
"972","10/02/14",1,0,1,"Negative",322.75
"973","10/03/14",0,0,2,"Neutral",323.25
"974","10/06/14",0,0,2,"Neutral",332.5
"975","10/07/14",0,0,2,"Neutral",340.5
"976","10/08/14",0,0,2,"Neutral",343.25
"977","10/09/14",0,0,2,"Neutral",344.75
"978","10/10/14",0,0,2,"Neutral",334
"979","10/13/14",0,0,2,"Neutral",346
"980","10/14/14",0,1,2,"Neutral",357
"981","10/15/14",0,0,2,"Neutral",347.5
"982","10/16/14",1,0,1,"Negative",352.25
"983","10/17/14",0,0,1,"Negative",348
"984","10/20/14",0,0,2,"Neutral",348.25
"985","10/21/14",1,0,1,"Negative",356
"986","10/22/14",0,0,2,"Neutral",353
"987","10/23/14",0,0,2,"Neutral",359.75
"988","10/24/14",0,0,2,"Neutral",353
"989","10/27/14",0,0,2,"Neutral",363
"990","10/28/14",0,0,1,"Negative",364.5
"991","10/29/14",1,0,2,"Neutral",375.25
"992","10/30/14",1,0,2,"Neutral",374
"993","10/31/14",0,0,1,"Negative",376.75
"994","11/03/14",1,0,2,"Neutral",373.5
"995","11/04/14",1,1,2,"Neutral",377.25
"996","11/05/14",1,0,1,"Negative",383
"997","11/06/14",0,0,1,"Negative",384
"998","11/07/14",1,0,1,"Negative",380.5
"999","11/10/14",0,0,1,"Negative",382
"1000","11/11/14",2,1,1,"Negative",386.5
"1001","11/12/14",0,0,1,"Negative",390.5
"1002","11/13/14",0,0,2,"Neutral",398.75
"1003","11/14/14",1,0,1,"Negative",394.25
"1004","11/17/14",0,0,1,"Negative",390.5
"1005","11/18/14",1,0,1,"Negative",385
"1006","11/19/14",1,0,1,"Negative",376
"1007","11/20/14",1,1,2,"Neutral",386.25
"1008","11/21/14",0,0,1,"Negative",385.25
"1009","11/24/14",0,0,1,"Negative",380.25
"1010","11/25/14",1,1,1,"Negative",387.25
"1011","11/26/14",1,0,2,"Neutral",391.5
"1012","11/28/14",2,0,1,"Negative",388.75
"1013","12/01/14",1,0,1,"Negative",389.75
"1014","12/02/14",1,0,1,"Negative",381.25
"1015","12/03/14",0,0,2,"Neutral",382
"1016","12/04/14",1,0,1,"Negative",389.75
"1017","12/05/14",1,0,1,"Negative",395
"1018","12/08/14",1,0,2,"Neutral",390.25
"1019","12/09/14",0,0,1,"Negative",395.25
"1020","12/10/14",1,0,1,"Negative",393.75
"1021","12/11/14",1,1,2,"Neutral",398.5
"1022","12/12/14",0,0,2,"Neutral",407.5
"1023","12/15/14",0,0,2,"Neutral",408.5
"1024","12/16/14",0,0,1,"Negative",406
"1025","12/17/14",0,0,1,"Negative",408.25
"1026","12/18/14",0,0,2,"Neutral",411
"1027","12/19/14",0,0,1,"Negative",410.5
"1028","12/22/14",0,0,1,"Negative",411.75
"1029","12/23/14",0,0,1,"Negative",414
"1030","12/24/14",0,0,1,"Negative",407.75
"1031","12/26/14",0,0,1,"Negative",414.75
"1032","12/29/14",0,0,1,"Negative",412.75
"1033","12/30/14",0,0,1,"Negative",406.5
"1034","12/31/14",0,0,1,"Negative",397
"1035","01/02/15",0,0,1,"Negative",395.75
"1036","01/05/15",0,0,1,"Negative",406
"1037","01/06/15",1,0,1,"Negative",405
"1038","01/07/15",0,0,1,"Negative",396.25
"1039","01/08/15",1,0,1,"Negative",394.25
"1040","01/09/15",1,0,1,"Negative",400.25
"1041","01/12/15",0,0,1,"Negative",402
"1042","01/13/15",0,0,1,"Negative",385.75
"1043","01/14/15",0,0,1,"Negative",381
"1044","01/15/15",0,0,1,"Negative",380
"1045","01/16/15",1,0,1,"Negative",387
"1046","01/20/15",1,0,1,"Negative",390.25
"1047","01/21/15",1,0,1,"Negative",388
"1048","01/22/15",1,0,1,"Negative",383.75
"1049","01/23/15",0,0,2,"Neutral",386.75
"1050","01/26/15",1,0,1,"Negative",384
"1051","01/27/15",0,0,1,"Negative",381.25
"1052","01/28/15",0,0,1,"Negative",373.25
"1053","01/29/15",0,0,1,"Negative",371.5
"1054","01/30/15",0,0,1,"Negative",370
"1055","02/02/15",1,0,1,"Negative",369.75
"1056","02/03/15",1,0,2,"Neutral",393.75
"1057","02/04/15",1,0,1,"Negative",391.5
"1058","02/05/15",0,0,2,"Neutral",393.25
"1059","02/06/15",0,0,2,"Neutral",394
"1060","02/09/15",0,0,1,"Negative",399.5
"1061","02/10/15",1,0,1,"Negative",396.25
"1062","02/11/15",1,0,1,"Negative",393.75
"1063","02/12/15",1,0,1,"Negative",391
"1064","02/13/15",0,1,2,"Neutral",395.25
"1065","02/17/15",0,0,1,"Negative",397.75
"1066","02/18/15",0,0,1,"Negative",392
"1067","02/19/15",0,0,2,"Neutral",397.75
"1068","02/20/15",1,0,1,"Negative",393
"1069","02/23/15",1,0,1,"Negative",386.75
"1070","02/24/15",0,0,1,"Negative",385.5
"1071","02/25/15",1,0,1,"Negative",383.75
"1072","02/26/15",1,0,2,"Neutral",388.5
"1073","02/27/15",2,0,1,"Negative",393.25
"1074","03/02/15",0,0,2,"Neutral",388
"1075","03/03/15",0,0,1,"Negative",391
"1076","03/04/15",0,0,1,"Negative",389.5
"1077","03/05/15",1,0,1,"Negative",390.5
"1078","03/06/15",0,0,2,"Neutral",386
"1079","03/09/15",0,0,1,"Negative",388.75
"1080","03/10/15",0,0,1,"Negative",388
"1081","03/11/15",1,0,1,"Negative",391
"1082","03/12/15",0,0,1,"Negative",388.5
"1083","03/13/15",1,0,1,"Negative",380.5
"1084","03/16/15",1,0,1,"Negative",379
"1085","03/17/15",0,0,1,"Negative",371
"1086","03/18/15",1,1,1,"Negative",374.75
"1087","03/19/15",0,0,1,"Negative",373.5
"1088","03/20/15",1,0,1,"Negative",385
"1089","03/23/15",0,0,2,"Neutral",390.25
"1090","03/24/15",0,1,2,"Neutral",393.25
"1091","03/25/15",0,0,1,"Negative",395
"1092","03/26/15",0,0,1,"Negative",391.25
"1093","03/27/15",1,0,1,"Negative",391
"1094","03/30/15",0,0,2,"Neutral",394.5
"1095","03/31/15",0,0,1,"Negative",376.25
"1096","04/01/15",0,0,1,"Negative",381.75
"1097","04/02/15",0,0,2,"Neutral",394.5
"1098","04/06/15",1,0,1,"Negative",393
"1099","04/07/15",1,0,1,"Negative",391
"1100","04/08/15",1,0,1,"Negative",387.25
"1101","04/09/15",0,0,1,"Negative",385.75
"1102","04/10/15",0,0,1,"Negative",384.75
"1103","04/13/15",1,0,1,"Negative",378
"1104","04/14/15",1,0,1,"Negative",381
"1105","04/15/15",0,0,1,"Negative",383
"1106","04/16/15",0,0,1,"Negative",383.25
"1107","04/17/15",0,0,1,"Negative",386.75
"1108","04/20/15",0,0,2,"Neutral",384.75
"1109","04/21/15",0,0,1,"Negative",380
"1110","04/22/15",1,1,1,"Negative",379.5
"1111","04/23/15",0,0,1,"Negative",376.75
"1112","04/24/15",0,0,2,"Neutral",369.75
"1113","04/27/15",0,0,1,"Negative",364.75
"1114","04/28/15",0,0,1,"Negative",364.5
"1115","04/29/15",0,0,1,"Negative",367.75
"1116","04/30/15",0,0,1,"Negative",366.25
"1117","05/01/15",0,0,1,"Negative",363
"1118","05/04/15",0,0,1,"Negative",361.25
"1119","05/05/15",0,0,1,"Negative",362.75
"1120","05/06/15",0,0,1,"Negative",366.75
"1121","05/07/15",0,0,2,"Neutral",361.5
"1122","05/08/15",1,0,1,"Negative",363
"1123","05/11/15",0,0,1,"Negative",360.5
"1124","05/12/15",0,0,1,"Negative",361
"1125","05/13/15",0,0,1,"Negative",362.25
"1126","05/14/15",0,0,2,"Neutral",368
"1127","05/15/15",0,0,1,"Negative",365.5
"1128","05/18/15",0,0,1,"Negative",368
"1129","05/19/15",0,0,1,"Negative",362
"1130","05/20/15",0,0,1,"Negative",360
"1131","05/21/15",1,0,1,"Negative",365
"1132","05/22/15",0,0,1,"Negative",360
"1133","05/26/15",0,0,1,"Negative",355
"1134","05/27/15",0,0,1,"Negative",349.5
"1135","05/28/15",0,0,1,"Negative",353.5
"1136","05/29/15",0,0,1,"Negative",351.5
"1137","06/01/15",0,0,1,"Negative",352.25
"1138","06/02/15",1,0,2,"Neutral",365.25
"1139","06/03/15",0,1,1,"Negative",365.75
"1140","06/04/15",1,0,1,"Negative",370.25
"1141","06/05/15",0,1,1,"Negative",367.5
"1142","06/08/15",1,0,1,"Negative",372.75
"1143","06/09/15",0,1,1,"Negative",372.5
"1144","06/10/15",0,0,1,"Negative",364.25
"1145","06/11/15",0,0,1,"Negative",363
"1146","06/12/15",1,0,1,"Negative",358.75
"1147","06/15/15",0,0,1,"Negative",352.75
"1148","06/16/15",0,0,1,"Negative",359.75
"1149","06/17/15",0,0,1,"Negative",365.25
"1150","06/18/15",1,1,1,"Negative",363.5
"1151","06/19/15",0,0,1,"Negative",358.75
"1152","06/22/15",0,0,1,"Negative",364.25
"1153","06/23/15",0,0,1,"Negative",372
"1154","06/24/15",0,0,1,"Negative",371.5
"1155","06/25/15",0,1,2,"Neutral",382.75
"1156","06/26/15",1,1,2,"Neutral",392.5
"1157","06/29/15",0,0,2,"Neutral",392
"1158","06/30/15",0,1,2,"Neutral",422
"1159","07/01/15",0,0,1,"Negative",422.5
"1160","07/02/15",0,0,2,"Neutral",428.5
"1161","07/06/15",0,0,1,"Negative",426.5
"1162","07/07/15",0,0,1,"Negative",423.25
"1163","07/08/15",0,1,2,"Neutral",424.5
"1164","07/09/15",1,1,2,"Neutral",428.75
"1165","07/10/15",0,0,1,"Negative",434.75
"1166","07/13/15",0,0,2,"Neutral",440.75
"1167","07/14/15",1,0,1,"Negative",428.25
"1168","07/15/15",1,0,1,"Negative",429.5
"1169","07/16/15",0,0,1,"Negative",430
"1170","07/17/15",0,0,1,"Negative",420.25
"1171","07/20/15",0,0,1,"Negative",405
"1172","07/21/15",0,0,1,"Negative",406.5
"1173","07/22/15",1,0,1,"Negative",402.75
"1174","07/23/15",0,0,1,"Negative",403.25
"1175","07/24/15",0,0,1,"Negative",392.5
"1176","07/27/15",0,0,1,"Negative",373
"1177","07/28/15",0,0,1,"Negative",375
"1178","07/29/15",0,0,1,"Negative",367.75
"1179","07/30/15",0,1,1,"Negative",373.25
"1180","07/31/15",0,0,1,"Negative",371
"1181","08/03/15",0,0,1,"Negative",366.5
"1182","08/04/15",0,0,1,"Negative",378.75
"1183","08/05/15",0,0,1,"Negative",383.25
"1184","08/06/15",0,0,1,"Negative",380.5
"1185","08/07/15",1,0,1,"Negative",383.75
"1186","08/10/15",0,0,1,"Negative",401
"1187","08/11/15",0,0,1,"Negative",387.5
"1188","08/12/15",0,0,1,"Negative",368
"1189","08/13/15",0,0,1,"Negative",375.25
"1190","08/14/15",1,0,1,"Negative",375.5
"1191","08/17/15",0,0,2,"Neutral",374.5
"1192","08/18/15",2,2,1,"Negative",377.25
"1193","08/19/15",0,0,2,"Neutral",378.5
"1194","08/20/15",0,0,1,"Negative",382.5
"1195","08/21/15",1,0,1,"Negative",377.25
"1196","08/24/15",1,0,1,"Negative",380.5
"1197","08/25/15",0,0,1,"Negative",377
"1198","08/26/15",0,0,1,"Negative",373.25
"1199","08/27/15",0,0,1,"Negative",375
"1200","08/28/15",0,0,2,"Neutral",375
"1201","08/31/15",0,0,1,"Negative",375.25
"1202","09/01/15",0,0,1,"Negative",369
"1203","09/02/15",1,0,2,"Neutral",367.5
"1204","09/03/15",0,0,2,"Neutral",361.5
"1205","09/04/15",0,0,1,"Negative",363
"1206","09/08/15",1,0,1,"Negative",368.25
"1207","09/09/15",0,0,2,"Neutral",369
"1208","09/10/15",1,0,1,"Negative",374.25
"1209","09/11/15",0,0,2,"Neutral",387
"1210","09/14/15",0,0,1,"Negative",393.5
"1211","09/15/15",0,0,2,"Neutral",390.5
"1212","09/16/15",0,0,1,"Negative",386
"1213","09/17/15",0,0,2,"Neutral",379.75
"1214","09/18/15",0,0,1,"Negative",377.25
"1215","09/21/15",0,0,1,"Negative",384.5
"1216","09/22/15",0,0,1,"Negative",380.5
"1217","09/23/15",1,0,2,"Neutral",383.25
"1218","09/24/15",1,0,1,"Negative",381.5
"1219","09/25/15",1,0,1,"Negative",389
"1220","09/28/15",1,0,1,"Negative",386.75
"1221","09/29/15",1,0,1,"Negative",389
"1222","09/30/15",1,0,2,"Neutral",387.75
"1223","10/01/15",0,0,1,"Negative",388.75
"1224","10/02/15",1,0,1,"Negative",389.25
"1225","10/05/15",0,0,1,"Negative",393.5
"1226","10/06/15",0,0,2,"Neutral",398.25
"1227","10/07/15",0,0,1,"Negative",395.75
"1228","10/08/15",1,0,1,"Negative",391.25
"1229","10/09/15",1,0,1,"Negative",382.75
"1230","10/12/15",1,0,1,"Negative",380.75
"1231","10/13/15",0,0,1,"Negative",384.5
"1232","10/14/15",1,0,1,"Negative",379
"1233","10/15/15",1,0,1,"Negative",375.5
"1234","10/16/15",0,0,1,"Negative",376.75
"1235","10/19/15",1,0,1,"Negative",373
"1236","10/20/15",1,0,1,"Negative",376.75
"1237","10/21/15",1,0,1,"Negative",380.75
"1238","10/22/15",0,0,1,"Negative",378.25
"1239","10/23/15",0,0,1,"Negative",379.75
"1240","10/26/15",1,0,1,"Negative",384.5
"1241","10/27/15",1,0,1,"Negative",380
"1242","10/28/15",0,0,1,"Negative",376
"1243","10/29/15",0,0,1,"Negative",380
"1244","10/30/15",1,0,1,"Negative",382.25
"1245","11/02/15",1,0,1,"Negative",376.5
"1246","11/03/15",0,0,1,"Negative",388.75
"1247","11/04/15",0,0,1,"Negative",388.25
"1248","11/05/15",1,0,1,"Negative",382.75
"1249","11/06/15",0,0,1,"Negative",381.75
"1250","11/09/15",1,0,1,"Negative",376
"1251","11/10/15",1,0,1,"Negative",368
"1252","11/11/15",1,1,1,"Negative",370
"1253","11/12/15",1,1,1,"Negative",369.5
"1254","11/13/15",1,0,1,"Negative",365.5
"1255","11/16/15",1,0,1,"Negative",366.75
"1256","11/17/15",1,0,1,"Negative",368
"1257","11/18/15",1,0,1,"Negative",368.25
"1258","11/19/15",1,0,1,"Negative",370.25
"1259","11/20/15",1,0,1,"Negative",369.75
"1260","11/23/15",1,0,1,"Negative",373
"1261","11/24/15",1,0,1,"Negative",369.5
"1262","11/25/15",1,0,1,"Negative",372.75
"1263","11/27/15",0,0,2,"Neutral",367.25
"1264","11/30/15",0,1,1,"Negative",372.25
"1265","12/01/15",1,0,2,"Neutral",373.75
"1266","12/02/15",1,0,1,"Negative",370.25
"1267","12/03/15",1,0,1,"Negative",377
"1268","12/04/15",1,1,2,"Neutral",381.5
"1269","12/07/15",1,0,1,"Negative",373
"1270","12/08/15",0,0,2,"Neutral",373.5
"1271","12/09/15",3,0,1,"Negative",373.75
"1272","12/10/15",0,0,2,"Neutral",379.25
"1273","12/11/15",2,0,1,"Negative",375.25
"1274","12/14/15",1,1,1,"Negative",379
"1275","12/15/15",1,0,1,"Negative",377.25
"1276","12/16/15",1,0,2,"Neutral",369.75
"1277","12/17/15",0,1,3,"Positive",374.25
"1278","12/18/15",1,2,2,"Neutral",374.5
"1279","12/21/15",2,1,2,"Neutral",372
"1280","12/22/15",1,0,1,"Negative",366.25
"1281","12/23/15",1,0,1,"Negative",365.5
"1282","12/24/15",0,0,1,"Negative",364.5
"1283","12/28/15",2,1,2,"Neutral",361
"1284","12/29/15",0,0,1,"Negative",362.5
"1285","12/30/15",2,1,1,"Negative",359
"1286","12/31/15",0,0,1,"Negative",358.75
"1287","01/04/16",1,1,1,"Negative",351.5
"1288","01/05/16",1,0,1,"Negative",353
"1289","01/06/16",1,1,2,"Neutral",353.25
"1290","01/07/16",1,0,1,"Negative",353
"1291","01/08/16",2,0,1,"Negative",357
"1292","01/11/16",0,0,1,"Negative",351.75
"1293","01/12/16",0,0,1,"Negative",356.75
"1294","01/13/16",0,0,2,"Neutral",358
"1295","01/14/16",1,0,1,"Negative",358
"1296","01/15/16",0,0,2,"Neutral",363.25
"1297","01/19/16",0,0,1,"Negative",367.75
"1298","01/20/16",1,1,2,"Neutral",368.75
"1299","01/21/16",1,1,2,"Neutral",367
"1300","01/22/16",2,0,1,"Negative",370.25
"1301","01/25/16",0,0,1,"Negative",369.75
"1302","01/26/16",0,0,1,"Negative",369.25
"1303","01/27/16",0,0,1,"Negative",369.25
"1304","01/28/16",1,0,2,"Neutral",365.5
"1305","01/29/16",0,0,1,"Negative",372
"1306","02/01/16",1,0,2,"Neutral",371.25
"1307","02/02/16",0,0,2,"Neutral",377.5
"1308","02/03/16",1,0,2,"Neutral",376
"1309","02/04/16",0,0,1,"Negative",373.5
"1310","02/05/16",0,0,1,"Negative",370.75
"1311","02/08/16",1,1,2,"Neutral",367
"1312","02/09/16",0,0,2,"Neutral",366
"1313","02/10/16",0,0,2,"Neutral",365.25
"1314","02/11/16",1,0,2,"Neutral",365
"1315","02/12/16",2,0,1,"Negative",363.5
"1316","02/16/16",1,0,1,"Negative",367.75
"1317","02/17/16",1,0,2,"Neutral",371.5
"1318","02/18/16",0,0,2,"Neutral",369.75
"1319","02/19/16",1,1,1,"Negative",369.25
"1320","02/22/16",0,0,1,"Negative",372.25
"1321","02/23/16",1,1,1,"Negative",366.75
"1322","02/24/16",2,0,2,"Neutral",364.5
"1323","02/25/16",1,1,2,"Neutral",360.5
"1324","02/26/16",1,0,1,"Negative",359.5
"1325","02/29/16",0,0,2,"Neutral",357
"1326","03/01/16",2,2,2,"Neutral",355.75
"1327","03/02/16",1,0,1,"Negative",356.25
"1328","03/03/16",1,1,2,"Neutral",356.5
"1329","03/04/16",2,1,1,"Negative",358.25
"1330","03/07/16",1,0,2,"Neutral",359
"1331","03/08/16",1,0,1,"Negative",360.5
"1332","03/09/16",1,2,1,"Negative",359.5
"1333","03/10/16",1,1,1,"Negative",362.75
"1334","03/11/16",1,0,1,"Negative",365
"1335","03/14/16",1,1,2,"Neutral",368.75
"1336","03/15/16",1,3,2,"Neutral",368.5
"1337","03/16/16",1,3,2,"Positive",368.25
"1338","03/17/16",1,2,2,"Neutral",368.5
"1339","03/18/16",1,1,1,"Negative",367
"1340","03/21/16",1,1,2,"Neutral",369.5
"1341","03/22/16",1,1,1,"Negative",370
"1342","03/23/16",0,0,1,"Negative",368.5
"1343","03/24/16",1,1,1,"Negative",370
"1344","03/28/16",1,1,1,"Negative",370.5
"1345","03/29/16",1,1,1,"Negative",373
"1346","03/30/16",0,0,2,"Neutral",367
"1347","03/31/16",0,0,1,"Negative",351.5
"1348","04/01/16",0,0,1,"Negative",354
"1349","04/04/16",1,0,1,"Negative",357.75
"1350","04/05/16",0,0,2,"Neutral",360
"1351","04/06/16",0,0,2,"Neutral",360.75
"1352","04/07/16",1,0,1,"Negative",364
"1353","04/08/16",0,0,2,"Neutral",365
"1354","04/11/16",1,0,1,"Negative",359.75
"1355","04/12/16",1,0,1,"Negative",365.5
"1356","04/13/16",0,0,2,"Neutral",377
"1357","04/14/16",1,0,1,"Negative",378
"1358","04/15/16",1,1,2,"Neutral",382
"1359","04/18/16",1,0,2,"Neutral",385
"1360","04/19/16",1,0,2,"Neutral",389.5
"1361","04/20/16",1,1,1,"Negative",399.75
"1362","04/21/16",1,0,1,"Negative",389.75
"1363","04/22/16",1,0,1,"Negative",375.5
"1364","04/25/16",1,1,1,"Negative",381.75
"1365","04/26/16",2,0,1,"Negative",387.25
"1366","04/27/16",1,0,2,"Neutral",384.75
"1367","04/28/16",1,0,1,"Negative",391.25
"1368","04/29/16",0,0,2,"Neutral",391.75
"1369","05/02/16",2,1,1,"Negative",391.75
"1370","05/03/16",1,0,1,"Negative",379.75
"1371","05/04/16",1,0,1,"Negative",376.75
"1372","05/05/16",1,0,1,"Negative",373.75
"1373","05/06/16",1,0,1,"Negative",377.5
"1374","05/09/16",1,1,1,"Negative",369
"1375","05/10/16",0,0,1,"Negative",381
"1376","05/11/16",0,1,1,"Negative",377.5
"1377","05/12/16",1,0,2,"Neutral",389
"1378","05/13/16",1,0,2,"Neutral",390.75
"1379","05/16/16",1,1,1,"Negative",394
"1380","05/17/16",1,0,1,"Negative",397
"1381","05/18/16",1,0,1,"Negative",399.5
"1382","05/19/16",1,0,1,"Negative",390
"1383","05/20/16",0,0,2,"Neutral",394.5
"1384","05/23/16",1,0,1,"Negative",397.75
"1385","05/24/16",1,0,2,"Neutral",397.5
"1386","05/25/16",0,0,2,"Neutral",404.75
"1387","05/26/16",1,0,2,"Neutral",408.25
"1388","05/27/16",2,3,2,"Neutral",412.75
"1389","05/31/16",1,1,1,"Negative",404.75
"1390","06/01/16",1,1,1,"Negative",413.75
"1391","06/02/16",1,0,2,"Neutral",415.75
"1392","06/03/16",0,0,2,"Neutral",419.75
"1393","06/06/16",1,1,1,"Negative",429
"1394","06/07/16",1,1,1,"Negative",430.5
"1395","06/08/16",0,0,2,"Neutral",434.75
"1396","06/09/16",0,0,1,"Negative",430.5
"1397","06/10/16",1,0,1,"Negative",427.5
"1398","06/13/16",1,0,1,"Negative",435.5
"1399","06/14/16",0,0,1,"Negative",441.75
"1400","06/15/16",0,0,1,"Negative",434
"1401","06/16/16",1,1,1,"Negative",430.5
"1402","06/17/16",1,2,1,"Negative",442.75
"1403","06/20/16",1,0,2,"Neutral",426.75
"1404","06/21/16",1,0,2,"Neutral",402.25
"1405","06/22/16",0,0,1,"Negative",398.25
"1406","06/23/16",0,1,1,"Negative",392.5
"1407","06/24/16",0,0,2,"Neutral",389
"1408","06/27/16",2,1,1,"Negative",389.25
"1409","06/28/16",1,0,1,"Negative",388.75
"1410","06/29/16",0,0,1,"Negative",377.75
"1411","06/30/16",0,0,1,"Negative",365.5
"1412","07/01/16",1,0,2,"Neutral",360
"1413","07/05/16",0,0,2,"Neutral",350.75
"1414","07/06/16",0,0,1,"Negative",341.5
"1415","07/07/16",0,0,1,"Negative",341.75
"1416","07/08/16",0,0,2,"Neutral",355
"1417","07/11/16",0,0,1,"Negative",348.25
"1418","07/12/16",1,0,2,"Neutral",352.25
"1419","07/13/16",0,0,2,"Neutral",362
"1420","07/14/16",0,0,1,"Negative",357.75
"1421","07/15/16",1,0,1,"Negative",352.25
"1422","07/18/16",1,1,1,"Negative",357
"1423","07/19/16",0,0,2,"Neutral",341.75
"1424","07/20/16",0,1,2,"Neutral",337.5
"1425","07/21/16",0,0,2,"Neutral",334.25
"1426","07/22/16",1,0,2,"Neutral",335
"1427","07/25/16",0,0,1,"Negative",334.75
"1428","07/26/16",0,0,2,"Neutral",332.5
"1429","07/27/16",0,0,2,"Neutral",335.75
"1430","07/28/16",0,0,1,"Negative",331.25
"1431","07/29/16",1,0,1,"Negative",334.5
"1432","08/01/16",1,1,1,"Negative",325.75
"1433","08/02/16",0,0,1,"Negative",334
"1434","08/03/16",0,0,2,"Neutral",335
"1435","08/04/16",0,0,1,"Negative",331
"1436","08/05/16",0,0,2,"Neutral",334.25
"1437","08/08/16",2,2,1,"Negative",334.75
"1438","08/09/16",1,1,2,"Neutral",332.5
"1439","08/10/16",0,0,2,"Neutral",333
"1440","08/11/16",1,0,1,"Negative",331.75
"1441","08/12/16",1,1,2,"Neutral",333
"1442","08/15/16",0,1,1,"Negative",337
"1443","08/16/16",0,1,2,"Neutral",337.25
"1444","08/17/16",0,0,2,"Neutral",339.75
"1445","08/18/16",0,1,2,"Neutral",342
"1446","08/19/16",0,1,2,"Neutral",343.75
"1447","08/22/16",1,1,1,"Negative",342.5
"1448","08/23/16",0,0,1,"Negative",337.25
"1449","08/24/16",0,0,2,"Neutral",336.25
"1450","08/25/16",0,0,2,"Neutral",332
"1451","08/26/16",1,0,1,"Negative",325
"1452","08/29/16",1,1,2,"Neutral",320.75
"1453","08/30/16",0,0,2,"Neutral",315.75
"1454","08/31/16",0,0,2,"Neutral",315.5
"1455","09/01/16",0,0,2,"Neutral",323.75
"1456","09/02/16",0,0,1,"Negative",328.5
"1457","09/06/16",0,0,1,"Negative",328.5
"1458","09/07/16",1,0,1,"Negative",333.25
"1459","09/08/16",0,1,1,"Negative",338.5
"1460","09/09/16",0,0,1,"Negative",341
"1461","09/12/16",0,0,1,"Negative",339.5
"1462","09/13/16",0,0,2,"Neutral",330
"1463","09/14/16",1,0,1,"Negative",331.75
"1464","09/15/16",1,1,2,"Neutral",330
"1465","09/16/16",0,0,1,"Negative",337
"1466","09/19/16",0,0,2,"Neutral",337.25
"1467","09/20/16",0,0,1,"Negative",340.5
"1468","09/21/16",1,0,2,"Neutral",340
"1469","09/22/16",1,0,1,"Negative",336.75
"1470","09/23/16",0,0,2,"Neutral",336.5
"1471","09/26/16",2,1,1,"Negative",329
"1472","09/27/16",1,0,1,"Negative",331.75
"1473","09/28/16",0,0,2,"Neutral",329.25
"1474","09/29/16",1,0,1,"Negative",329.25
"1475","09/30/16",0,0,1,"Negative",336.75
"1476","10/03/16",0,0,2,"Neutral",346
"1477","10/04/16",0,0,2,"Neutral",348.25
"1478","10/05/16",0,0,2,"Neutral",347.75
"1479","10/06/16",1,1,2,"Neutral",340.5
"1480","10/07/16",0,0,2,"Neutral",339.75
"1481","10/10/16",1,0,1,"Negative",343.25
"1482","10/11/16",0,0,1,"Negative",345.5
"1483","10/12/16",0,0,2,"Neutral",337
"1484","10/13/16",0,0,1,"Negative",349.5
"1485","10/14/16",0,0,1,"Negative",354.25
"1486","10/17/16",1,1,1,"Negative",354
"1487","10/18/16",0,0,2,"Neutral",353.75
"1488","10/19/16",0,0,1,"Negative",357.5
"1489","10/20/16",0,0,2,"Neutral",351
"1490","10/21/16",1,1,1,"Negative",352.5
"1491","10/24/16",1,1,1,"Negative",348.25
"1492","10/25/16",0,0,2,"Neutral",349.25
"1493","10/26/16",0,0,2,"Neutral",354
"1494","10/27/16",0,0,1,"Negative",357.5
"1495","10/28/16",0,0,1,"Negative",355
"1496","10/31/16",1,0,1,"Negative",354.75
"1497","11/01/16",1,0,2,"Neutral",349
"1498","11/02/16",0,0,2,"Neutral",355.5
"1499","11/03/16",0,0,2,"Neutral",357
"1500","11/04/16",0,0,2,"Neutral",357.5
"1501","11/07/16",2,1,1,"Negative",355.25
"1502","11/08/16",0,0,1,"Negative",362.75
"1503","11/09/16",0,0,2,"Neutral",349.75
"1504","11/10/16",0,0,1,"Negative",352
"1505","11/11/16",0,0,2,"Neutral",349
"1506","11/14/16",1,0,1,"Negative",345.25
"1507","11/15/16",0,0,2,"Neutral",349.25
"1508","11/16/16",0,0,2,"Neutral",346.5
"1509","11/17/16",1,0,2,"Neutral",349.75
"1510","11/18/16",0,1,2,"Neutral",353.5
"1511","11/21/16",1,0,2,"Neutral",357.75
"1512","11/22/16",0,0,2,"Neutral",359
"1513","11/23/16",0,0,1,"Negative",359.25
"1514","11/25/16",0,0,2,"Neutral",358.25
"1515","11/28/16",1,1,2,"Neutral",358.25
"1516","11/29/16",0,0,1,"Negative",349
"1517","11/30/16",1,0,1,"Negative",348.5
"1518","12/01/16",0,0,1,"Negative",342.5
"1519","12/02/16",0,0,2,"Neutral",347.25
"1520","12/05/16",2,2,1,"Negative",359.25
"1521","12/06/16",1,0,2,"Neutral",360.5
"1522","12/07/16",0,0,2,"Neutral",358
"1523","12/08/16",0,0,2,"Neutral",353.5
"1524","12/09/16",0,0,2,"Neutral",359.5
"1525","12/12/16",2,1,1,"Negative",360.5
"1526","12/13/16",1,1,2,"Neutral",361
"1527","12/14/16",0,0,2,"Neutral",362
"1528","12/15/16",1,0,1,"Negative",356.5
"1529","12/16/16",0,0,2,"Neutral",356.25
"1530","12/19/16",2,3,2,"Neutral",353.25
"1531","12/20/16",1,1,2,"Neutral",350.25
"1532","12/21/16",0,0,2,"Neutral",347.25
"1533","12/22/16",0,0,2,"Neutral",347.25
"1534","12/23/16",0,0,1,"Negative",345.75
"1535","12/27/16",1,1,1,"Negative",355
"1536","12/28/16",1,1,2,"Neutral",348.25
"1537","12/29/16",0,0,1,"Negative",349.75
"1538","12/30/16",0,0,2,"Neutral",352
"1539","01/03/17",0,0,2,"Neutral",355.75
"1540","01/04/17",0,0,1,"Negative",359.75
"1541","01/05/17",0,0,2,"Neutral",361.25
"1542","01/06/17",0,0,1,"Negative",358
"1543","01/09/17",3,2,1,"Negative",360
"1544","01/10/17",0,0,2,"Neutral",358.25
"1545","01/11/17",0,0,2,"Neutral",357.25
"1546","01/12/17",0,1,2,"Positive",358.25
"1547","01/13/17",0,1,1,"Negative",358.5
"1548","01/17/17",0,0,1,"Negative",365.5
"1549","01/18/17",0,0,2,"Neutral",365
"1550","01/19/17",0,0,2,"Neutral",366.25
"1551","01/20/17",0,0,1,"Negative",369.75
"1552","01/23/17",1,1,1,"Negative",369.5
"1553","01/24/17",0,1,1,"Negative",363.25
"1554","01/25/17",0,0,2,"Neutral",366.25
"1555","01/26/17",0,0,2,"Neutral",363.75
"1556","01/27/17",0,0,2,"Neutral",362.5
"1557","01/30/17",1,1,1,"Negative",357.75
"1558","01/31/17",0,0,1,"Negative",359.75
"1559","02/01/17",0,0,1,"Negative",368.25
"1560","02/02/17",0,0,2,"Neutral",375
"1561","02/03/17",0,0,2,"Neutral",372.75
"1562","02/06/17",3,2,2,"Neutral",371.25
"1563","02/07/17",0,0,1,"Negative",376
"1564","02/08/17",0,0,1,"Negative",378.5
"1565","02/09/17",0,0,2,"Neutral",377.25
"1566","02/10/17",0,0,1,"Negative",382
"1567","02/13/17",0,0,2,"Neutral",382.75
"1568","02/14/17",0,0,1,"Negative",381.75
"1569","02/15/17",0,1,2,"Neutral",386
"1570","02/16/17",0,1,2,"Neutral",381
"1571","02/17/17",0,0,2,"Neutral",375.5
"1572","02/21/17",1,1,2,"Neutral",376.5
"1573","02/22/17",0,0,1,"Negative",378.25
"1574","02/23/17",0,0,1,"Negative",372.5
"1575","02/24/17",0,0,1,"Negative",370.75
"1576","02/27/17",1,1,1,"Negative",368.25
"1577","02/28/17",0,1,2,"Neutral",373.75
"1578","03/01/17",0,0,1,"Negative",382
"1579","03/02/17",0,1,2,"Neutral",379.5
"1580","03/03/17",0,0,2,"Neutral",380.75
"1581","03/06/17",0,0,1,"Negative",378.5
"1582","03/07/17",0,0,1,"Negative",376
"1583","03/08/17",1,0,2,"Neutral",372.25
"1584","03/09/17",0,0,1,"Negative",367
"1585","03/10/17",0,0,2,"Neutral",364.25
"1586","03/13/17",0,0,1,"Negative",361
"1587","03/14/17",0,1,2,"Neutral",362.25
"1588","03/15/17",0,0,1,"Negative",363.5
"1589","03/16/17",0,0,2,"Neutral",366
"1590","03/17/17",0,0,2,"Neutral",367.5
"1591","03/20/17",3,2,1,"Negative",363.5
"1592","03/21/17",0,0,1,"Negative",361.25
"1593","03/22/17",0,1,2,"Neutral",358.75
"1594","03/23/17",0,0,2,"Neutral",356.75
"1595","03/24/17",0,0,1,"Negative",356.25
"1596","03/27/17",0,0,1,"Negative",355.75
"1597","03/28/17",0,0,2,"Neutral",357.75
"1598","03/29/17",0,0,1,"Negative",358.5
"1599","03/30/17",0,0,1,"Negative",357.5
"1600","03/31/17",0,0,1,"Negative",364.25
"1601","04/03/17",0,0,1,"Negative",367.75
"1602","04/04/17",0,0,2,"Neutral",370.75
"1603","04/05/17",0,0,2,"Neutral",372.5
"1604","04/06/17",0,0,2,"Neutral",368.5
"1605","04/07/17",0,0,2,"Neutral",367.25
"1606","04/10/17",3,2,1,"Negative",374.5
"1607","04/11/17",0,0,1,"Negative",373.75
"1608","04/12/17",0,0,2,"Neutral",376
"1609","04/13/17",0,1,2,"Neutral",378
"1610","04/17/17",4,2,1,"Negative",373.25
"1611","04/18/17",0,0,2,"Neutral",368.25
"1612","04/19/17",0,0,1,"Negative",368.25
"1613","04/20/17",0,0,2,"Neutral",364.25
"1614","04/21/17",0,0,2,"Neutral",363.75
"1615","04/24/17",0,0,1,"Negative",365.5
"1616","04/25/17",0,1,1,"Negative",371.75
"1617","04/26/17",0,0,2,"Neutral",366.75
"1618","04/27/17",0,0,2,"Neutral",369.25
"1619","04/28/17",0,0,2,"Positive",366.5
"1620","05/01/17",1,1,1,"Negative",377.5
"1621","05/02/17",0,0,2,"Neutral",372.25
"1622","05/03/17",0,0,2,"Neutral",374.75
"1623","05/04/17",0,0,1,"Negative",366.5
"1624","05/05/17",0,0,2,"Neutral",370.75
"1625","05/08/17",0,1,2,"Neutral",366
"1626","05/09/17",0,0,1,"Negative",366.5
"1627","05/10/17",1,0,2,"Neutral",373.75
"1628","05/11/17",0,0,2,"Neutral",369.25
"1629","05/12/17",0,0,2,"Neutral",371
"1630","05/15/17",0,0,1,"Negative",367.75
"1631","05/16/17",0,0,1,"Negative",367.75
"1632","05/17/17",1,0,2,"Neutral",371.5
"1633","05/18/17",0,0,1,"Negative",366
"1634","05/19/17",0,0,2,"Neutral",372.5
"1635","05/22/17",1,1,2,"Neutral",375
"1636","05/23/17",0,0,1,"Negative",369.5
"1637","05/24/17",0,1,2,"Neutral",371.25
"1638","05/25/17",0,0,2,"Neutral",369.25
"1639","05/26/17",0,0,1,"Negative",374.25
"1640","05/30/17",0,1,2,"Neutral",367
"1641","05/31/17",0,0,1,"Negative",372
"1642","06/01/17",0,0,2,"Neutral",370.5
"1643","06/02/17",0,0,2,"Neutral",380.75
"1644","06/05/17",10,1,1,"Negative",381.25
"1645","06/06/17",0,0,1,"Negative",385.5
"1646","06/07/17",0,0,1,"Negative",392.25
"1647","06/08/17",0,0,1,"Negative",393.5
"1648","06/09/17",0,0,1,"Negative",395.75
"1649","06/12/17",0,0,2,"Neutral",385
"1650","06/13/17",6,0,1,"Negative",388.5
